date,link_id,site,capacity_mbps,utilization_mbps,utilization_pct,ticket_count,outage_count
2025-01-01,wan-01,metro-core,1000,377.2,37.7,2,0
2025-01-02,wan-01,metro-core,1000,528.5,52.8,1,0
2025-01-03,wan-01,metro-core,1000,473.2,47.3,1,0
2025-01-04,wan-01,metro-core,1000,502.9,50.3,3,0
2025-01-05,wan-01,metro-core,1000,382.7,38.3,0,0
2025-01-06,wan-01,metro-core,1000,413.5,41.4,2,0
2025-01-07,wan-01,metro-core,1000,462.9,46.3,3,0
2025-01-08,wan-01,metro-core,1000,471.1,47.1,1,0
2025-01-09,wan-01,metro-core,1000,627.8,62.8,1,0
2025-01-10,wan-01,metro-core,1000,524.4,52.4,0,0
2025-01-11,wan-01,metro-core,1000,508.4,50.8,2,0
2025-01-12,wan-01,metro-core,1000,418.1,41.8,1,0
2025-01-13,wan-01,metro-core,1000,389.4,38.9,3,0
2025-01-14,wan-01,metro-core,1000,425.3,42.5,2,0
2025-01-15,wan-01,metro-core,1000,377.6,37.8,3,0
2025-01-16,wan-01,metro-core,1000,443.4,44.3,1,0
2025-01-17,wan-01,metro-core,1000,447.2,44.7,2,0
2025-01-18,wan-01,metro-core,1000,419.0,41.9,2,0
2025-01-19,wan-01,metro-core,1000,484.0,48.4,1,0
2025-01-20,wan-01,metro-core,1000,347.6,34.8,0,0
2025-01-21,wan-01,metro-core,1000,318.1,31.8,2,0
2025-01-22,wan-01,metro-core,1000,383.9,38.4,2,0
2025-01-23,wan-01,metro-core,1000,451.8,45.2,0,0
2025-01-24,wan-01,metro-core,1000,484.1,48.4,0,0
2025-01-25,wan-01,metro-core,1000,489.5,48.9,1,0
2025-01-26,wan-01,metro-core,1000,383.5,38.4,2,0
2025-01-27,wan-01,metro-core,1000,356.4,35.6,1,0
2025-01-28,wan-01,metro-core,1000,381.9,38.2,1,0
2025-01-29,wan-01,metro-core,1000,463.5,46.3,2,0
2025-01-30,wan-01,metro-core,1000,497.4,49.7,0,0
2025-01-31,wan-01,metro-core,1000,545.9,54.6,2,0
2025-02-01,wan-01,metro-core,1000,544.3,54.4,1,0
2025-02-02,wan-01,metro-core,1000,447.4,44.7,2,0
2025-02-03,wan-01,metro-core,1000,404.4,40.4,2,0
2025-02-04,wan-01,metro-core,1000,424.8,42.5,1,0
2025-02-05,wan-01,metro-core,1000,452.3,45.2,1,0
2025-02-06,wan-01,metro-core,1000,576.0,57.6,4,0
2025-02-07,wan-01,metro-core,1000,607.8,60.8,3,0
2025-02-08,wan-01,metro-core,1000,558.2,55.8,3,0
2025-02-09,wan-01,metro-core,1000,466.6,46.7,3,0
2025-02-10,wan-01,metro-core,1000,475.4,47.5,1,0
2025-02-11,wan-01,metro-core,1000,399.0,39.9,4,0
2025-02-12,wan-01,metro-core,1000,487.4,48.7,3,0
2025-02-13,wan-01,metro-core,1000,563.6,56.4,0,0
2025-02-14,wan-01,metro-core,1000,624.4,62.4,4,0
2025-02-15,wan-01,metro-core,1000,492.4,49.2,3,0
2025-02-16,wan-01,metro-core,1000,411.5,41.2,0,0
2025-02-17,wan-01,metro-core,1000,350.6,35.1,2,0
2025-02-18,wan-01,metro-core,1000,400.7,40.1,3,0
2025-02-19,wan-01,metro-core,1000,419.2,41.9,4,0
2025-02-20,wan-01,metro-core,1000,447.6,44.8,3,0
2025-02-21,wan-01,metro-core,1000,525.1,52.5,1,0
2025-02-22,wan-01,metro-core,1000,378.7,37.9,0,0
2025-02-23,wan-01,metro-core,1000,381.0,38.1,2,0
2025-02-24,wan-01,metro-core,1000,386.4,38.6,0,0
2025-02-25,wan-01,metro-core,1000,352.7,35.3,2,0
2025-02-26,wan-01,metro-core,1000,416.5,41.7,0,0
2025-02-27,wan-01,metro-core,1000,521.3,52.1,5,0
2025-02-28,wan-01,metro-core,1000,553.4,55.3,0,0
2025-03-01,wan-01,metro-core,1000,471.2,47.1,2,0
2025-03-02,wan-01,metro-core,1000,514.4,51.4,2,0
2025-03-03,wan-01,metro-core,1000,399.1,39.9,4,0
2025-03-04,wan-01,metro-core,1000,418.3,41.8,4,0
2025-03-05,wan-01,metro-core,1000,469.5,47.0,1,0
2025-03-06,wan-01,metro-core,1000,589.7,59.0,4,0
2025-03-07,wan-01,metro-core,1000,609.7,61.0,2,0
2025-03-08,wan-01,metro-core,1000,484.7,48.5,0,0
2025-03-09,wan-01,metro-core,1000,460.5,46.1,1,0
2025-03-10,wan-01,metro-core,1000,459.9,46.0,1,0
2025-03-11,wan-01,metro-core,1000,480.9,48.1,2,0
2025-03-12,wan-01,metro-core,1000,500.7,50.1,2,0
2025-03-13,wan-01,metro-core,1000,584.4,58.4,3,0
2025-03-14,wan-01,metro-core,1000,561.1,56.1,1,0
2025-03-15,wan-01,metro-core,1000,478.4,47.8,4,0
2025-03-16,wan-01,metro-core,1000,498.3,49.8,1,0
2025-03-17,wan-01,metro-core,1000,377.8,37.8,0,0
2025-03-18,wan-01,metro-core,1000,406.2,40.6,2,0
2025-03-19,wan-01,metro-core,1000,529.9,53.0,2,0
2025-03-20,wan-01,metro-core,1000,480.5,48.1,0,0
2025-03-21,wan-01,metro-core,1000,565.5,56.5,2,0
2025-03-22,wan-01,metro-core,1000,411.1,41.1,2,0
2025-03-23,wan-01,metro-core,1000,338.1,33.8,7,0
2025-03-24,wan-01,metro-core,1000,388.8,38.9,2,0
2025-03-25,wan-01,metro-core,1000,359.7,36.0,0,0
2025-03-26,wan-01,metro-core,1000,426.8,42.7,0,0
2025-03-27,wan-01,metro-core,1000,519.6,52.0,0,0
2025-03-28,wan-01,metro-core,1000,489.3,48.9,3,0
2025-03-29,wan-01,metro-core,1000,543.8,54.4,0,0
2025-03-30,wan-01,metro-core,1000,372.9,37.3,3,0
2025-03-31,wan-01,metro-core,1000,423.8,42.4,0,0
2025-04-01,wan-01,metro-core,1000,396.2,39.6,0,0
2025-04-02,wan-01,metro-core,1000,452.5,45.2,0,0
2025-04-03,wan-01,metro-core,1000,611.1,61.1,3,0
2025-04-04,wan-01,metro-core,1000,664.5,66.4,1,0
2025-04-05,wan-01,metro-core,1000,552.9,55.3,0,0
2025-04-06,wan-01,metro-core,1000,490.8,49.1,0,0
2025-04-07,wan-01,metro-core,1000,394.5,39.5,3,0
2025-04-08,wan-01,metro-core,1000,525.5,52.5,3,0
2025-04-09,wan-01,metro-core,1000,585.0,58.5,2,0
2025-04-10,wan-01,metro-core,1000,574.3,57.4,2,0
2025-04-11,wan-01,metro-core,1000,598.2,59.8,0,0
2025-04-12,wan-01,metro-core,1000,503.3,50.3,0,0
2025-04-13,wan-01,metro-core,1000,485.9,48.6,2,0
2025-04-14,wan-01,metro-core,1000,417.8,41.8,4,0
2025-04-15,wan-01,metro-core,1000,446.9,44.7,2,0
2025-04-16,wan-01,metro-core,1000,536.2,53.6,0,0
2025-04-17,wan-01,metro-core,1000,477.4,47.7,3,0
2025-04-18,wan-01,metro-core,1000,528.5,52.8,3,0
2025-04-19,wan-01,metro-core,1000,512.7,51.3,3,0
2025-04-20,wan-01,metro-core,1000,451.2,45.1,0,0
2025-04-21,wan-01,metro-core,1000,400.9,40.1,0,0
2025-04-22,wan-01,metro-core,1000,361.1,36.1,1,0
2025-04-23,wan-01,metro-core,1000,475.6,47.6,3,0
2025-04-24,wan-01,metro-core,1000,547.3,54.7,0,0
2025-04-25,wan-01,metro-core,1000,509.6,51.0,0,0
2025-04-26,wan-01,metro-core,1000,488.3,48.8,2,0
2025-04-27,wan-01,metro-core,1000,402.6,40.3,2,0
2025-04-28,wan-01,metro-core,1000,402.6,40.3,3,0
2025-04-29,wan-01,metro-core,1000,391.0,39.1,0,0
2025-04-30,wan-01,metro-core,1000,466.2,46.6,4,0
2025-05-01,wan-01,metro-core,1000,604.7,60.5,1,0
2025-05-02,wan-01,metro-core,1000,601.0,60.1,2,0
2025-05-03,wan-01,metro-core,1000,567.6,56.8,1,0
2025-05-04,wan-01,metro-core,1000,489.1,48.9,0,0
2025-05-05,wan-01,metro-core,1000,443.5,44.3,4,0
2025-05-06,wan-01,metro-core,1000,507.0,50.7,2,0
2025-05-07,wan-01,metro-core,1000,548.2,54.8,2,0
2025-05-08,wan-01,metro-core,1000,633.5,63.4,1,0
2025-05-09,wan-01,metro-core,1000,644.2,64.4,2,0
2025-05-10,wan-01,metro-core,1000,566.4,56.6,0,0
2025-05-11,wan-01,metro-core,1000,484.6,48.5,0,0
2025-05-12,wan-01,metro-core,1000,502.0,50.2,0,0
2025-05-13,wan-01,metro-core,1000,469.9,47.0,1,0
2025-05-14,wan-01,metro-core,1000,511.7,51.2,2,0
2025-05-15,wan-01,metro-core,1000,626.2,62.6,2,0
2025-05-16,wan-01,metro-core,1000,587.6,58.8,1,0
2025-05-17,wan-01,metro-core,1000,535.0,53.5,3,0
2025-05-18,wan-01,metro-core,1000,447.1,44.7,0,0
2025-05-19,wan-01,metro-core,1000,365.0,36.5,0,0
2025-05-20,wan-01,metro-core,1000,368.9,36.9,3,0
2025-05-21,wan-01,metro-core,1000,487.1,48.7,1,0
2025-05-22,wan-01,metro-core,1000,584.8,58.5,1,0
2025-05-23,wan-01,metro-core,1000,574.0,57.4,3,0
2025-05-24,wan-01,metro-core,1000,451.0,45.1,0,0
2025-05-25,wan-01,metro-core,1000,406.1,40.6,3,0
2025-05-26,wan-01,metro-core,1000,445.6,44.6,0,0
2025-05-27,wan-01,metro-core,1000,459.2,45.9,1,0
2025-05-28,wan-01,metro-core,1000,479.7,48.0,1,0
2025-05-29,wan-01,metro-core,1000,554.5,55.4,0,0
2025-05-30,wan-01,metro-core,1000,556.9,55.7,0,0
2025-05-31,wan-01,metro-core,1000,576.9,57.7,5,0
2025-06-01,wan-01,metro-core,1000,597.0,59.7,1,0
2025-06-02,wan-01,metro-core,1000,408.5,40.8,1,0
2025-06-03,wan-01,metro-core,1000,461.1,46.1,4,0
2025-06-04,wan-01,metro-core,1000,584.9,58.5,0,0
2025-06-05,wan-01,metro-core,1000,667.1,66.7,2,0
2025-06-06,wan-01,metro-core,1000,597.9,59.8,1,0
2025-06-07,wan-01,metro-core,1000,606.0,60.6,2,0
2025-06-08,wan-01,metro-core,1000,550.2,55.0,1,0
2025-06-09,wan-01,metro-core,1000,507.5,50.8,1,0
2025-06-10,wan-01,metro-core,1000,481.4,48.1,4,0
2025-06-11,wan-01,metro-core,1000,582.5,58.2,2,0
2025-06-12,wan-01,metro-core,1000,569.5,57.0,1,0
2025-06-13,wan-01,metro-core,1000,661.1,66.1,0,0
2025-06-14,wan-01,metro-core,1000,618.3,61.8,1,0
2025-06-15,wan-01,metro-core,1000,514.9,51.5,1,0
2025-06-16,wan-01,metro-core,1000,455.5,45.5,3,0
2025-06-17,wan-01,metro-core,1000,439.9,44.0,4,0
2025-06-18,wan-01,metro-core,1000,480.8,48.1,0,0
2025-06-19,wan-01,metro-core,1000,588.6,58.9,0,0
2025-06-20,wan-01,metro-core,1000,560.7,56.1,3,0
2025-06-21,wan-01,metro-core,1000,569.2,56.9,0,0
2025-06-22,wan-01,metro-core,1000,473.7,47.4,4,0
2025-06-23,wan-01,metro-core,1000,455.2,45.5,1,0
2025-06-24,wan-01,metro-core,1000,410.7,41.1,1,0
2025-06-25,wan-01,metro-core,1000,458.8,45.9,1,0
2025-06-26,wan-01,metro-core,1000,562.0,56.2,1,0
2025-06-27,wan-01,metro-core,1000,633.9,63.4,1,0
2025-06-28,wan-01,metro-core,1000,508.0,50.8,3,0
2025-06-29,wan-01,metro-core,1000,462.6,46.3,1,0
2025-06-30,wan-01,metro-core,1000,463.3,46.3,1,0
2025-07-01,wan-01,metro-core,1000,459.4,45.9,1,0
2025-07-02,wan-01,metro-core,1000,644.2,64.4,1,0
2025-07-03,wan-01,metro-core,1000,635.3,63.5,3,0
2025-07-04,wan-01,metro-core,1000,690.0,69.0,3,0
2025-07-05,wan-01,metro-core,1000,657.7,65.8,0,0
2025-07-06,wan-01,metro-core,1000,532.8,53.3,2,0
2025-07-07,wan-01,metro-core,1000,540.1,54.0,3,0
2025-07-08,wan-01,metro-core,1000,555.2,55.5,1,0
2025-07-09,wan-01,metro-core,1000,601.2,60.1,1,0
2025-07-10,wan-01,metro-core,1000,667.5,66.7,3,0
2025-07-11,wan-01,metro-core,1000,657.0,65.7,0,0
2025-07-12,wan-01,metro-core,1000,588.6,58.9,3,0
2025-07-13,wan-01,metro-core,1000,585.6,58.6,3,0
2025-07-14,wan-01,metro-core,1000,518.2,51.8,3,0
2025-07-15,wan-01,metro-core,1000,493.9,49.4,2,0
2025-07-16,wan-01,metro-core,1000,510.0,51.0,1,0
2025-07-17,wan-01,metro-core,1000,574.4,57.4,3,0
2025-07-18,wan-01,metro-core,1000,586.9,58.7,1,0
2025-07-19,wan-01,metro-core,1000,570.9,57.1,4,0
2025-07-20,wan-01,metro-core,1000,454.3,45.4,0,0
2025-07-21,wan-01,metro-core,1000,463.8,46.4,0,0
2025-07-22,wan-01,metro-core,1000,465.0,46.5,1,0
2025-07-23,wan-01,metro-core,1000,508.7,50.9,0,0
2025-07-24,wan-01,metro-core,1000,602.8,60.3,1,0
2025-07-25,wan-01,metro-core,1000,566.7,56.7,5,0
2025-07-26,wan-01,metro-core,1000,586.7,58.7,7,0
2025-07-27,wan-01,metro-core,1000,515.1,51.5,1,0
2025-07-28,wan-01,metro-core,1000,471.0,47.1,4,0
2025-07-29,wan-01,metro-core,1000,492.4,49.2,2,0
2025-07-30,wan-01,metro-core,1000,585.1,58.5,0,0
2025-07-31,wan-01,metro-core,1000,645.2,64.5,1,0
2025-08-01,wan-01,metro-core,1000,623.1,62.3,3,0
2025-08-02,wan-01,metro-core,1000,656.5,65.6,2,0
2025-08-03,wan-01,metro-core,1000,540.5,54.0,0,0
2025-08-04,wan-01,metro-core,1000,552.8,55.3,1,0
2025-08-05,wan-01,metro-core,1000,497.3,49.7,1,0
2025-08-06,wan-01,metro-core,1000,568.4,56.8,1,0
2025-08-07,wan-01,metro-core,1000,689.9,69.0,2,0
2025-08-08,wan-01,metro-core,1000,706.4,70.6,2,0
2025-08-09,wan-01,metro-core,1000,612.1,61.2,1,0
2025-08-10,wan-01,metro-core,1000,559.3,55.9,1,0
2025-08-11,wan-01,metro-core,1000,536.2,53.6,2,0
2025-08-12,wan-01,metro-core,1000,591.1,59.1,0,0
2025-08-13,wan-01,metro-core,1000,601.2,60.1,1,0
2025-08-14,wan-01,metro-core,1000,719.7,72.0,3,0
2025-08-15,wan-01,metro-core,1000,587.9,58.8,2,0
2025-08-16,wan-01,metro-core,1000,575.0,57.5,3,0
2025-08-17,wan-01,metro-core,1000,478.6,47.9,1,0
2025-08-18,wan-01,metro-core,1000,460.5,46.1,1,0
2025-08-19,wan-01,metro-core,1000,454.7,45.5,0,0
2025-08-20,wan-01,metro-core,1000,550.3,55.0,3,0
2025-08-21,wan-01,metro-core,1000,592.8,59.3,0,0
2025-08-22,wan-01,metro-core,1000,618.5,61.8,2,0
2025-08-23,wan-01,metro-core,1000,564.8,56.5,1,0
2025-08-24,wan-01,metro-core,1000,555.8,55.6,0,0
2025-08-25,wan-01,metro-core,1000,450.5,45.1,0,0
2025-08-26,wan-01,metro-core,1000,469.5,46.9,0,0
2025-08-27,wan-01,metro-core,1000,532.7,53.3,0,0
2025-08-28,wan-01,metro-core,1000,702.3,70.2,1,0
2025-08-29,wan-01,metro-core,1000,662.0,66.2,5,0
2025-08-30,wan-01,metro-core,1000,631.7,63.2,0,0
2025-08-31,wan-01,metro-core,1000,589.1,58.9,0,0
2025-09-01,wan-01,metro-core,1000,598.9,59.9,0,0
2025-09-02,wan-01,metro-core,1000,545.1,54.5,0,0
2025-09-03,wan-01,metro-core,1000,638.2,63.8,0,0
2025-09-04,wan-01,metro-core,1000,700.0,70.0,1,0
2025-09-05,wan-01,metro-core,1000,699.2,69.9,3,0
2025-09-06,wan-01,metro-core,1000,710.8,71.1,2,0
2025-09-07,wan-01,metro-core,1000,575.6,57.6,0,0
2025-09-08,wan-01,metro-core,1000,569.8,57.0,5,0
2025-09-09,wan-01,metro-core,1000,554.3,55.4,0,0
2025-09-10,wan-01,metro-core,1000,601.4,60.1,0,0
2025-09-11,wan-01,metro-core,1000,646.0,64.6,1,0
2025-09-12,wan-01,metro-core,1000,736.4,73.6,1,0
2025-09-13,wan-01,metro-core,1000,615.3,61.5,0,0
2025-09-14,wan-01,metro-core,1000,561.6,56.2,1,0
2025-09-15,wan-01,metro-core,1000,458.6,45.9,0,0
2025-09-16,wan-01,metro-core,1000,507.2,50.7,3,0
2025-09-17,wan-01,metro-core,1000,586.1,58.6,2,0
2025-09-18,wan-01,metro-core,1000,609.9,61.0,2,0
2025-09-19,wan-01,metro-core,1000,632.7,63.3,5,0
2025-09-20,wan-01,metro-core,1000,548.8,54.9,1,0
2025-09-21,wan-01,metro-core,1000,564.0,56.4,1,0
2025-09-22,wan-01,metro-core,1000,529.1,52.9,1,0
2025-09-23,wan-01,metro-core,1000,504.7,50.5,1,0
2025-09-24,wan-01,metro-core,1000,520.7,52.1,0,0
2025-09-25,wan-01,metro-core,1000,717.6,71.8,2,0
2025-09-26,wan-01,metro-core,1000,686.5,68.6,3,0
2025-09-27,wan-01,metro-core,1000,652.5,65.3,3,0
2025-09-28,wan-01,metro-core,1000,565.0,56.5,1,0
2025-09-29,wan-01,metro-core,1000,576.5,57.7,1,0
2025-09-30,wan-01,metro-core,1000,521.6,52.2,1,0
2025-10-01,wan-01,metro-core,1000,621.4,62.1,2,0
2025-10-02,wan-01,metro-core,1000,686.3,68.6,0,0
2025-10-03,wan-01,metro-core,1000,722.2,72.2,4,0
2025-10-04,wan-01,metro-core,1000,693.8,69.4,2,0
2025-10-05,wan-01,metro-core,1000,629.2,62.9,2,0
2025-10-06,wan-01,metro-core,1000,618.8,61.9,4,0
2025-10-07,wan-01,metro-core,1000,542.8,54.3,4,0
2025-10-08,wan-01,metro-core,1000,659.2,65.9,1,0
2025-10-09,wan-01,metro-core,1000,800.3,80.0,1,0
2025-10-10,wan-01,metro-core,1000,792.9,79.3,3,0
2025-10-11,wan-01,metro-core,1000,637.1,63.7,2,0
2025-10-12,wan-01,metro-core,1000,620.3,62.0,1,0
2025-10-13,wan-01,metro-core,1000,460.0,46.0,1,0
2025-10-14,wan-01,metro-core,1000,540.6,54.1,0,0
2025-10-15,wan-01,metro-core,1000,664.5,66.4,1,0
2025-10-16,wan-01,metro-core,1000,641.0,64.1,1,0
2025-10-17,wan-01,metro-core,1000,635.7,63.6,0,0
2025-10-18,wan-01,metro-core,1000,617.7,61.8,2,0
2025-10-19,wan-01,metro-core,1000,523.7,52.4,1,0
2025-10-20,wan-01,metro-core,1000,448.0,44.8,2,0
2025-10-21,wan-01,metro-core,1000,486.6,48.7,2,0
2025-10-22,wan-01,metro-core,1000,546.5,54.7,1,0
2025-10-23,wan-01,metro-core,1000,653.3,65.3,0,0
2025-10-24,wan-01,metro-core,1000,754.5,75.4,1,0
2025-10-25,wan-01,metro-core,1000,630.7,63.1,0,0
2025-10-26,wan-01,metro-core,1000,629.4,62.9,4,0
2025-10-27,wan-01,metro-core,1000,551.4,55.1,0,0
2025-10-28,wan-01,metro-core,1000,549.8,55.0,2,0
2025-10-29,wan-01,metro-core,1000,623.2,62.3,0,0
2025-10-30,wan-01,metro-core,1000,672.7,67.3,0,0
2025-10-31,wan-01,metro-core,1000,740.0,74.0,1,0
2025-11-01,wan-01,metro-core,1000,705.3,70.5,6,0
2025-11-02,wan-01,metro-core,1000,704.1,70.4,0,0
2025-11-03,wan-01,metro-core,1000,615.8,61.6,2,0
2025-11-04,wan-01,metro-core,1000,617.2,61.7,3,0
2025-11-05,wan-01,metro-core,1000,673.7,67.4,1,0
2025-11-06,wan-01,metro-core,1000,733.3,73.3,1,0
2025-11-07,wan-01,metro-core,1000,803.3,80.3,3,0
2025-11-08,wan-01,metro-core,1000,662.6,66.3,1,0
2025-11-09,wan-01,metro-core,1000,605.2,60.5,3,0
2025-11-10,wan-01,metro-core,1000,589.3,58.9,3,0
2025-11-11,wan-01,metro-core,1000,585.5,58.5,0,0
2025-11-12,wan-01,metro-core,1000,656.3,65.6,2,0
2025-11-13,wan-01,metro-core,1000,711.1,71.1,0,0
2025-11-14,wan-01,metro-core,1000,702.4,70.2,0,0
2025-11-15,wan-01,metro-core,1000,623.9,62.4,2,0
2025-11-16,wan-01,metro-core,1000,583.8,58.4,0,0
2025-11-17,wan-01,metro-core,1000,462.8,46.3,0,0
2025-11-18,wan-01,metro-core,1000,514.5,51.4,3,0
2025-11-19,wan-01,metro-core,1000,593.7,59.4,0,0
2025-11-20,wan-01,metro-core,1000,628.7,62.9,2,0
2025-11-21,wan-01,metro-core,1000,735.8,73.6,3,0
2025-11-22,wan-01,metro-core,1000,651.7,65.2,2,0
2025-11-23,wan-01,metro-core,1000,539.3,53.9,1,0
2025-11-24,wan-01,metro-core,1000,529.9,53.0,0,0
2025-11-25,wan-01,metro-core,1000,568.9,56.9,1,0
2025-11-26,wan-01,metro-core,1000,651.7,65.2,4,0
2025-11-27,wan-01,metro-core,1000,739.5,73.9,2,0
2025-11-28,wan-01,metro-core,1000,731.7,73.2,0,0
2025-11-29,wan-01,metro-core,1000,703.5,70.3,2,0
2025-11-30,wan-01,metro-core,1000,612.5,61.2,3,0
2025-12-01,wan-01,metro-core,1000,601.3,60.1,2,0
2025-12-02,wan-01,metro-core,1000,623.8,62.4,0,0
2025-12-03,wan-01,metro-core,1000,775.1,77.5,0,0
2025-12-04,wan-01,metro-core,1000,800.3,80.0,1,0
2025-12-05,wan-01,metro-core,1000,794.1,79.4,0,0
2025-12-06,wan-01,metro-core,1000,725.0,72.5,3,0
2025-12-07,wan-01,metro-core,1000,734.7,73.5,0,0
2025-12-08,wan-01,metro-core,1000,618.2,61.8,3,0
2025-12-09,wan-01,metro-core,1000,604.2,60.4,3,0
2025-12-10,wan-01,metro-core,1000,653.0,65.3,2,0
2025-12-11,wan-01,metro-core,1000,749.0,74.9,3,0
2025-12-12,wan-01,metro-core,1000,752.2,75.2,0,0
2025-12-13,wan-01,metro-core,1000,709.8,71.0,0,0
2025-12-14,wan-01,metro-core,1000,634.1,63.4,4,0
2025-12-15,wan-01,metro-core,1000,577.1,57.7,1,0
2025-12-16,wan-01,metro-core,1000,606.3,60.6,2,0
2025-12-17,wan-01,metro-core,1000,578.1,57.8,1,0
2025-12-18,wan-01,metro-core,1000,730.4,73.0,1,0
2025-12-19,wan-01,metro-core,1000,698.9,69.9,1,0
2025-12-20,wan-01,metro-core,1000,593.1,59.3,1,0
2025-12-21,wan-01,metro-core,1000,598.0,59.8,2,0
2025-12-22,wan-01,metro-core,1000,541.1,54.1,0,0
2025-12-23,wan-01,metro-core,1000,612.3,61.2,3,0
2025-12-24,wan-01,metro-core,1000,676.3,67.6,3,0
2025-12-25,wan-01,metro-core,1000,697.2,69.7,1,0
2025-12-26,wan-01,metro-core,1000,749.9,75.0,4,0
2025-12-27,wan-01,metro-core,1000,647.7,64.8,1,0
2025-12-28,wan-01,metro-core,1000,623.4,62.3,2,0
2025-12-29,wan-01,metro-core,1000,667.0,66.7,1,0
2025-12-30,wan-01,metro-core,1000,597.5,59.8,2,0
2025-12-31,wan-01,metro-core,1000,702.0,70.2,0,0
2025-01-01,wan-02,enterprise-backup,500,190.5,38.1,1,0
2025-01-02,wan-02,enterprise-backup,500,223.6,44.7,0,0
2025-01-03,wan-02,enterprise-backup,500,243.8,48.8,0,0
2025-01-04,wan-02,enterprise-backup,500,226.1,45.2,0,0
2025-01-05,wan-02,enterprise-backup,500,201.2,40.2,1,0
2025-01-06,wan-02,enterprise-backup,500,131.4,26.3,1,0
2025-01-07,wan-02,enterprise-backup,500,174.6,34.9,0,0
2025-01-08,wan-02,enterprise-backup,500,192.6,38.5,2,0
2025-01-09,wan-02,enterprise-backup,500,229.8,46.0,0,0
2025-01-10,wan-02,enterprise-backup,500,232.1,46.4,2,0
2025-01-11,wan-02,enterprise-backup,500,221.2,44.2,3,0
2025-01-12,wan-02,enterprise-backup,500,166.3,33.3,5,0
2025-01-13,wan-02,enterprise-backup,500,167.1,33.4,2,0
2025-01-14,wan-02,enterprise-backup,500,175.5,35.1,3,0
2025-01-15,wan-02,enterprise-backup,500,184.8,37.0,1,0
2025-01-16,wan-02,enterprise-backup,500,227.2,45.4,2,0
2025-01-17,wan-02,enterprise-backup,500,178.9,35.8,0,0
2025-01-18,wan-02,enterprise-backup,500,193.8,38.8,2,0
2025-01-19,wan-02,enterprise-backup,500,151.4,30.3,2,0
2025-01-20,wan-02,enterprise-backup,500,123.8,24.8,4,0
2025-01-21,wan-02,enterprise-backup,500,115.8,23.2,1,0
2025-01-22,wan-02,enterprise-backup,500,161.1,32.2,3,0
2025-01-23,wan-02,enterprise-backup,500,199.6,39.9,4,0
2025-01-24,wan-02,enterprise-backup,500,185.4,37.1,3,0
2025-01-25,wan-02,enterprise-backup,500,181.6,36.3,0,0
2025-01-26,wan-02,enterprise-backup,500,138.6,27.7,5,0
2025-01-27,wan-02,enterprise-backup,500,136.4,27.3,1,0
2025-01-28,wan-02,enterprise-backup,500,92.5,18.5,0,0
2025-01-29,wan-02,enterprise-backup,500,158.1,31.6,2,0
2025-01-30,wan-02,enterprise-backup,500,247.3,49.5,3,0
2025-01-31,wan-02,enterprise-backup,500,225.5,45.1,0,0
2025-02-01,wan-02,enterprise-backup,500,183.0,36.6,1,0
2025-02-02,wan-02,enterprise-backup,500,166.0,33.2,6,0
2025-02-03,wan-02,enterprise-backup,500,150.2,30.0,1,0
2025-02-04,wan-02,enterprise-backup,500,188.9,37.8,2,0
2025-02-05,wan-02,enterprise-backup,500,182.0,36.4,3,0
2025-02-06,wan-02,enterprise-backup,500,231.8,46.4,0,0
2025-02-07,wan-02,enterprise-backup,500,251.9,50.4,2,0
2025-02-08,wan-02,enterprise-backup,500,218.9,43.8,3,0
2025-02-09,wan-02,enterprise-backup,500,203.6,40.7,0,0
2025-02-10,wan-02,enterprise-backup,500,129.6,25.9,0,0
2025-02-11,wan-02,enterprise-backup,500,168.3,33.7,3,0
2025-02-12,wan-02,enterprise-backup,500,215.6,43.1,4,0
2025-02-13,wan-02,enterprise-backup,500,257.5,51.5,2,0
2025-02-14,wan-02,enterprise-backup,500,246.5,49.3,0,0
2025-02-15,wan-02,enterprise-backup,500,213.4,42.7,2,0
2025-02-16,wan-02,enterprise-backup,500,160.0,32.0,1,0
2025-02-17,wan-02,enterprise-backup,500,115.7,23.1,2,0
2025-02-18,wan-02,enterprise-backup,500,161.0,32.2,1,0
2025-02-19,wan-02,enterprise-backup,500,175.5,35.1,1,0
2025-02-20,wan-02,enterprise-backup,500,199.1,39.8,0,0
2025-02-21,wan-02,enterprise-backup,500,207.0,41.4,1,0
2025-02-22,wan-02,enterprise-backup,500,183.4,36.7,1,0
2025-02-23,wan-02,enterprise-backup,500,122.8,24.6,1,0
2025-02-24,wan-02,enterprise-backup,500,141.2,28.2,4,0
2025-02-25,wan-02,enterprise-backup,500,127.4,25.5,3,0
2025-02-26,wan-02,enterprise-backup,500,180.9,36.2,2,0
2025-02-27,wan-02,enterprise-backup,500,175.8,35.2,2,0
2025-02-28,wan-02,enterprise-backup,500,198.5,39.7,3,0
2025-03-01,wan-02,enterprise-backup,500,212.8,42.6,2,0
2025-03-02,wan-02,enterprise-backup,500,125.3,25.1,2,0
2025-03-03,wan-02,enterprise-backup,500,165.6,33.1,0,0
2025-03-04,wan-02,enterprise-backup,500,183.3,36.7,2,0
2025-03-05,wan-02,enterprise-backup,500,199.1,39.8,0,0
2025-03-06,wan-02,enterprise-backup,500,219.8,44.0,1,0
2025-03-07,wan-02,enterprise-backup,500,302.7,60.5,2,0
2025-03-08,wan-02,enterprise-backup,500,233.0,46.6,1,0
2025-03-09,wan-02,enterprise-backup,500,185.1,37.0,1,0
2025-03-10,wan-02,enterprise-backup,500,159.0,31.8,3,0
2025-03-11,wan-02,enterprise-backup,500,176.6,35.3,3,0
2025-03-12,wan-02,enterprise-backup,500,190.4,38.1,3,0
2025-03-13,wan-02,enterprise-backup,500,238.6,47.7,3,0
2025-03-14,wan-02,enterprise-backup,500,241.3,48.3,0,0
2025-03-15,wan-02,enterprise-backup,500,238.3,47.7,1,0
2025-03-16,wan-02,enterprise-backup,500,175.1,35.0,0,0
2025-03-17,wan-02,enterprise-backup,500,154.6,30.9,1,0
2025-03-18,wan-02,enterprise-backup,500,158.7,31.7,2,0
2025-03-19,wan-02,enterprise-backup,500,168.2,33.6,0,0
2025-03-20,wan-02,enterprise-backup,500,214.8,43.0,3,0
2025-03-21,wan-02,enterprise-backup,500,223.4,44.7,0,0
2025-03-22,wan-02,enterprise-backup,500,197.3,39.5,2,0
2025-03-23,wan-02,enterprise-backup,500,155.0,31.0,2,0
2025-03-24,wan-02,enterprise-backup,500,121.9,24.4,2,0
2025-03-25,wan-02,enterprise-backup,500,151.7,30.3,1,0
2025-03-26,wan-02,enterprise-backup,500,142.8,28.6,1,0
2025-03-27,wan-02,enterprise-backup,500,205.1,41.0,0,0
2025-03-28,wan-02,enterprise-backup,500,200.8,40.2,2,0
2025-03-29,wan-02,enterprise-backup,500,192.4,38.5,2,0
2025-03-30,wan-02,enterprise-backup,500,143.0,28.6,3,0
2025-03-31,wan-02,enterprise-backup,500,179.3,35.9,1,0
2025-04-01,wan-02,enterprise-backup,500,148.9,29.8,0,0
2025-04-02,wan-02,enterprise-backup,500,214.0,42.8,2,0
2025-04-03,wan-02,enterprise-backup,500,220.9,44.2,3,0
2025-04-04,wan-02,enterprise-backup,500,260.7,52.1,2,0
2025-04-05,wan-02,enterprise-backup,500,198.9,39.8,1,0
2025-04-06,wan-02,enterprise-backup,500,209.2,41.8,0,0
2025-04-07,wan-02,enterprise-backup,500,195.2,39.0,4,0
2025-04-08,wan-02,enterprise-backup,500,206.1,41.2,0,0
2025-04-09,wan-02,enterprise-backup,500,207.1,41.4,3,0
2025-04-10,wan-02,enterprise-backup,500,267.2,53.4,3,0
2025-04-11,wan-02,enterprise-backup,500,276.7,55.3,1,0
2025-04-12,wan-02,enterprise-backup,500,224.0,44.8,0,0
2025-04-13,wan-02,enterprise-backup,500,206.5,41.3,5,0
2025-04-14,wan-02,enterprise-backup,500,158.7,31.7,1,0
2025-04-15,wan-02,enterprise-backup,500,181.1,36.2,2,0
2025-04-16,wan-02,enterprise-backup,500,172.0,34.4,0,0
2025-04-17,wan-02,enterprise-backup,500,203.1,40.6,5,0
2025-04-18,wan-02,enterprise-backup,500,212.7,42.5,3,0
2025-04-19,wan-02,enterprise-backup,500,232.8,46.6,4,0
2025-04-20,wan-02,enterprise-backup,500,185.8,37.2,4,0
2025-04-21,wan-02,enterprise-backup,500,114.7,22.9,1,0
2025-04-22,wan-02,enterprise-backup,500,129.4,25.9,1,0
2025-04-23,wan-02,enterprise-backup,500,218.4,43.7,0,0
2025-04-24,wan-02,enterprise-backup,500,213.8,42.8,0,0
2025-04-25,wan-02,enterprise-backup,500,236.4,47.3,3,0
2025-04-26,wan-02,enterprise-backup,500,184.7,36.9,5,0
2025-04-27,wan-02,enterprise-backup,500,163.6,32.7,3,0
2025-04-28,wan-02,enterprise-backup,500,150.2,30.0,1,0
2025-04-29,wan-02,enterprise-backup,500,150.5,30.1,1,0
2025-04-30,wan-02,enterprise-backup,500,204.4,40.9,2,0
2025-05-01,wan-02,enterprise-backup,500,271.6,54.3,1,0
2025-05-02,wan-02,enterprise-backup,500,235.2,47.0,0,0
2025-05-03,wan-02,enterprise-backup,500,213.3,42.7,0,0
2025-05-04,wan-02,enterprise-backup,500,179.7,35.9,3,0
2025-05-05,wan-02,enterprise-backup,500,180.4,36.1,1,0
2025-05-06,wan-02,enterprise-backup,500,196.5,39.3,3,0
2025-05-07,wan-02,enterprise-backup,500,234.7,46.9,3,0
2025-05-08,wan-02,enterprise-backup,500,246.7,49.3,1,0
2025-05-09,wan-02,enterprise-backup,500,250.9,50.2,1,0
2025-05-10,wan-02,enterprise-backup,500,227.6,45.5,1,0
2025-05-11,wan-02,enterprise-backup,500,202.2,40.4,1,0
2025-05-12,wan-02,enterprise-backup,500,176.1,35.2,1,0
2025-05-13,wan-02,enterprise-backup,500,207.7,41.5,1,0
2025-05-14,wan-02,enterprise-backup,500,194.1,38.8,2,0
2025-05-15,wan-02,enterprise-backup,500,219.2,43.8,0,0
2025-05-16,wan-02,enterprise-backup,500,242.5,48.5,0,0
2025-05-17,wan-02,enterprise-backup,500,158.0,31.6,2,0
2025-05-18,wan-02,enterprise-backup,500,193.0,38.6,0,0
2025-05-19,wan-02,enterprise-backup,500,133.2,26.6,2,0
2025-05-20,wan-02,enterprise-backup,500,118.2,23.6,0,0
2025-05-21,wan-02,enterprise-backup,500,160.3,32.1,1,0
2025-05-22,wan-02,enterprise-backup,500,176.2,35.2,3,0
2025-05-23,wan-02,enterprise-backup,500,215.0,43.0,2,0
2025-05-24,wan-02,enterprise-backup,500,190.4,38.1,0,0
2025-05-25,wan-02,enterprise-backup,500,160.0,32.0,0,0
2025-05-26,wan-02,enterprise-backup,500,143.5,28.7,0,0
2025-05-27,wan-02,enterprise-backup,500,148.8,29.8,1,0
2025-05-28,wan-02,enterprise-backup,500,203.2,40.6,3,0
2025-05-29,wan-02,enterprise-backup,500,208.1,41.6,1,0
2025-05-30,wan-02,enterprise-backup,500,264.1,52.8,2,0
2025-05-31,wan-02,enterprise-backup,500,209.6,41.9,1,0
2025-06-01,wan-02,enterprise-backup,500,187.0,37.4,3,0
2025-06-02,wan-02,enterprise-backup,500,177.2,35.4,2,0
2025-06-03,wan-02,enterprise-backup,500,227.7,45.5,0,0
2025-06-04,wan-02,enterprise-backup,500,206.6,41.3,0,0
2025-06-05,wan-02,enterprise-backup,500,231.1,46.2,3,0
2025-06-06,wan-02,enterprise-backup,500,274.1,54.8,4,0
2025-06-07,wan-02,enterprise-backup,500,214.1,42.8,0,0
2025-06-08,wan-02,enterprise-backup,500,239.4,47.9,3,0
2025-06-09,wan-02,enterprise-backup,500,207.1,41.4,3,0
2025-06-10,wan-02,enterprise-backup,500,197.9,39.6,1,0
2025-06-11,wan-02,enterprise-backup,500,226.3,45.3,3,0
2025-06-12,wan-02,enterprise-backup,500,250.5,50.1,2,0
2025-06-13,wan-02,enterprise-backup,500,282.2,56.4,0,0
2025-06-14,wan-02,enterprise-backup,500,217.2,43.4,2,0
2025-06-15,wan-02,enterprise-backup,500,186.0,37.2,1,0
2025-06-16,wan-02,enterprise-backup,500,200.7,40.1,2,0
2025-06-17,wan-02,enterprise-backup,500,159.6,31.9,3,0
2025-06-18,wan-02,enterprise-backup,500,238.0,47.6,0,0
2025-06-19,wan-02,enterprise-backup,500,209.8,42.0,2,0
2025-06-20,wan-02,enterprise-backup,500,215.2,43.0,5,0
2025-06-21,wan-02,enterprise-backup,500,212.0,42.4,1,0
2025-06-22,wan-02,enterprise-backup,500,175.8,35.2,0,0
2025-06-23,wan-02,enterprise-backup,500,135.2,27.0,2,0
2025-06-24,wan-02,enterprise-backup,500,196.5,39.3,0,0
2025-06-25,wan-02,enterprise-backup,500,195.7,39.1,4,0
2025-06-26,wan-02,enterprise-backup,500,235.8,47.2,4,0
2025-06-27,wan-02,enterprise-backup,500,242.6,48.5,2,0
2025-06-28,wan-02,enterprise-backup,500,215.5,43.1,0,0
2025-06-29,wan-02,enterprise-backup,500,216.9,43.4,0,0
2025-06-30,wan-02,enterprise-backup,500,169.8,34.0,1,0
2025-07-01,wan-02,enterprise-backup,500,171.4,34.3,0,0
2025-07-02,wan-02,enterprise-backup,500,214.9,43.0,2,0
2025-07-03,wan-02,enterprise-backup,500,260.1,52.0,3,0
2025-07-04,wan-02,enterprise-backup,500,266.5,53.3,1,0
2025-07-05,wan-02,enterprise-backup,500,256.4,51.3,2,0
2025-07-06,wan-02,enterprise-backup,500,202.8,40.6,0,0
2025-07-07,wan-02,enterprise-backup,500,180.3,36.1,3,0
2025-07-08,wan-02,enterprise-backup,500,223.7,44.7,0,0
2025-07-09,wan-02,enterprise-backup,500,238.5,47.7,3,0
2025-07-10,wan-02,enterprise-backup,500,289.2,57.8,1,0
2025-07-11,wan-02,enterprise-backup,500,266.6,53.3,4,0
2025-07-12,wan-02,enterprise-backup,500,287.6,57.5,4,0
2025-07-13,wan-02,enterprise-backup,500,186.4,37.3,2,0
2025-07-14,wan-02,enterprise-backup,500,174.8,35.0,1,0
2025-07-15,wan-02,enterprise-backup,500,171.1,34.2,1,0
2025-07-16,wan-02,enterprise-backup,500,208.8,41.8,4,0
2025-07-17,wan-02,enterprise-backup,500,247.7,49.5,2,0
2025-07-18,wan-02,enterprise-backup,500,239.4,47.9,0,0
2025-07-19,wan-02,enterprise-backup,500,209.6,41.9,3,0
2025-07-20,wan-02,enterprise-backup,500,190.5,38.1,4,0
2025-07-21,wan-02,enterprise-backup,500,157.0,31.4,1,0
2025-07-22,wan-02,enterprise-backup,500,130.9,26.2,2,0
2025-07-23,wan-02,enterprise-backup,500,160.6,32.1,4,0
2025-07-24,wan-02,enterprise-backup,500,212.3,42.5,2,0
2025-07-25,wan-02,enterprise-backup,500,209.7,41.9,1,0
2025-07-26,wan-02,enterprise-backup,500,198.7,39.7,3,0
2025-07-27,wan-02,enterprise-backup,500,188.7,37.7,0,0
2025-07-28,wan-02,enterprise-backup,500,133.6,26.7,1,0
2025-07-29,wan-02,enterprise-backup,500,171.8,34.4,0,0
2025-07-30,wan-02,enterprise-backup,500,227.3,45.5,1,0
2025-07-31,wan-02,enterprise-backup,500,255.6,51.1,1,0
2025-08-01,wan-02,enterprise-backup,500,256.6,51.3,1,0
2025-08-02,wan-02,enterprise-backup,500,221.6,44.3,2,0
2025-08-03,wan-02,enterprise-backup,500,226.1,45.2,0,0
2025-08-04,wan-02,enterprise-backup,500,202.4,40.5,3,0
2025-08-05,wan-02,enterprise-backup,500,214.8,43.0,3,0
2025-08-06,wan-02,enterprise-backup,500,238.6,47.7,2,0
2025-08-07,wan-02,enterprise-backup,500,252.0,50.4,0,0
2025-08-08,wan-02,enterprise-backup,500,249.7,49.9,0,0
2025-08-09,wan-02,enterprise-backup,500,262.3,52.5,2,0
2025-08-10,wan-02,enterprise-backup,500,240.8,48.2,2,0
2025-08-11,wan-02,enterprise-backup,500,177.8,35.6,2,0
2025-08-12,wan-02,enterprise-backup,500,196.0,39.2,4,0
2025-08-13,wan-02,enterprise-backup,500,259.3,51.9,3,0
2025-08-14,wan-02,enterprise-backup,500,231.4,46.3,1,0
2025-08-15,wan-02,enterprise-backup,500,257.3,51.5,0,0
2025-08-16,wan-02,enterprise-backup,500,236.8,47.4,3,0
2025-08-17,wan-02,enterprise-backup,500,203.2,40.6,2,0
2025-08-18,wan-02,enterprise-backup,500,147.8,29.6,0,0
2025-08-19,wan-02,enterprise-backup,500,165.9,33.2,3,0
2025-08-20,wan-02,enterprise-backup,500,225.0,45.0,3,0
2025-08-21,wan-02,enterprise-backup,500,234.2,46.8,3,0
2025-08-22,wan-02,enterprise-backup,500,250.1,50.0,3,0
2025-08-23,wan-02,enterprise-backup,500,230.4,46.1,0,0
2025-08-24,wan-02,enterprise-backup,500,199.7,39.9,2,0
2025-08-25,wan-02,enterprise-backup,500,156.6,31.3,2,0
2025-08-26,wan-02,enterprise-backup,500,181.5,36.3,1,0
2025-08-27,wan-02,enterprise-backup,500,182.9,36.6,2,0
2025-08-28,wan-02,enterprise-backup,500,258.6,51.7,1,0
2025-08-29,wan-02,enterprise-backup,500,234.2,46.8,2,0
2025-08-30,wan-02,enterprise-backup,500,258.3,51.7,2,0
2025-08-31,wan-02,enterprise-backup,500,223.7,44.7,1,0
2025-09-01,wan-02,enterprise-backup,500,187.8,37.6,2,0
2025-09-02,wan-02,enterprise-backup,500,204.9,41.0,2,0
2025-09-03,wan-02,enterprise-backup,500,302.6,60.5,3,0
2025-09-04,wan-02,enterprise-backup,500,281.6,56.3,0,0
2025-09-05,wan-02,enterprise-backup,500,289.9,58.0,3,0
2025-09-06,wan-02,enterprise-backup,500,254.5,50.9,1,0
2025-09-07,wan-02,enterprise-backup,500,191.8,38.4,2,0
2025-09-08,wan-02,enterprise-backup,500,197.2,39.4,3,0
2025-09-09,wan-02,enterprise-backup,500,236.4,47.3,1,0
2025-09-10,wan-02,enterprise-backup,500,257.3,51.5,2,0
2025-09-11,wan-02,enterprise-backup,500,263.5,52.7,1,0
2025-09-12,wan-02,enterprise-backup,500,255.1,51.0,3,0
2025-09-13,wan-02,enterprise-backup,500,258.8,51.8,0,0
2025-09-14,wan-02,enterprise-backup,500,218.4,43.7,0,0
2025-09-15,wan-02,enterprise-backup,500,150.9,30.2,3,0
2025-09-16,wan-02,enterprise-backup,500,158.2,31.6,3,0
2025-09-17,wan-02,enterprise-backup,500,211.7,42.3,3,0
2025-09-18,wan-02,enterprise-backup,500,245.6,49.1,3,0
2025-09-19,wan-02,enterprise-backup,500,248.5,49.7,2,0
2025-09-20,wan-02,enterprise-backup,500,224.2,44.8,3,0
2025-09-21,wan-02,enterprise-backup,500,178.5,35.7,3,0
2025-09-22,wan-02,enterprise-backup,500,191.4,38.3,1,0
2025-09-23,wan-02,enterprise-backup,500,182.8,36.6,1,0
2025-09-24,wan-02,enterprise-backup,500,204.6,40.9,2,0
2025-09-25,wan-02,enterprise-backup,500,239.0,47.8,0,0
2025-09-26,wan-02,enterprise-backup,500,256.9,51.4,2,0
2025-09-27,wan-02,enterprise-backup,500,246.6,49.3,3,0
2025-09-28,wan-02,enterprise-backup,500,180.6,36.1,4,0
2025-09-29,wan-02,enterprise-backup,500,192.4,38.5,0,0
2025-09-30,wan-02,enterprise-backup,500,201.8,40.4,2,0
2025-10-01,wan-02,enterprise-backup,500,259.5,51.9,1,0
2025-10-02,wan-02,enterprise-backup,500,282.4,56.5,0,0
2025-10-03,wan-02,enterprise-backup,500,293.6,58.7,1,0
2025-10-04,wan-02,enterprise-backup,500,263.8,52.8,3,0
2025-10-05,wan-02,enterprise-backup,500,269.3,53.9,3,0
2025-10-06,wan-02,enterprise-backup,500,202.8,40.6,4,0
2025-10-07,wan-02,enterprise-backup,500,217.5,43.5,1,0
2025-10-08,wan-02,enterprise-backup,500,242.5,48.5,2,0
2025-10-09,wan-02,enterprise-backup,500,290.7,58.1,2,0
2025-10-10,wan-02,enterprise-backup,500,281.4,56.3,1,0
2025-10-11,wan-02,enterprise-backup,500,252.1,50.4,3,0
2025-10-12,wan-02,enterprise-backup,500,210.5,42.1,1,0
2025-10-13,wan-02,enterprise-backup,500,189.3,37.9,0,0
2025-10-14,wan-02,enterprise-backup,500,191.8,38.4,0,0
2025-10-15,wan-02,enterprise-backup,500,229.4,45.9,2,0
2025-10-16,wan-02,enterprise-backup,500,243.9,48.8,4,0
2025-10-17,wan-02,enterprise-backup,500,238.9,47.8,2,0
2025-10-18,wan-02,enterprise-backup,500,237.0,47.4,1,0
2025-10-19,wan-02,enterprise-backup,500,187.9,37.6,3,0
2025-10-20,wan-02,enterprise-backup,500,170.6,34.1,2,0
2025-10-21,wan-02,enterprise-backup,500,201.9,40.4,2,0
2025-10-22,wan-02,enterprise-backup,500,180.9,36.2,0,0
2025-10-23,wan-02,enterprise-backup,500,258.2,51.6,1,0
2025-10-24,wan-02,enterprise-backup,500,235.8,47.2,0,0
2025-10-25,wan-02,enterprise-backup,500,242.7,48.5,4,0
2025-10-26,wan-02,enterprise-backup,500,185.3,37.1,0,0
2025-10-27,wan-02,enterprise-backup,500,199.3,39.9,1,0
2025-10-28,wan-02,enterprise-backup,500,198.6,39.7,1,0
2025-10-29,wan-02,enterprise-backup,500,224.7,44.9,2,0
2025-10-30,wan-02,enterprise-backup,500,292.8,58.6,2,0
2025-10-31,wan-02,enterprise-backup,500,279.6,55.9,3,0
2025-11-01,wan-02,enterprise-backup,500,269.8,54.0,2,0
2025-11-02,wan-02,enterprise-backup,500,224.0,44.8,2,0
2025-11-03,wan-02,enterprise-backup,500,233.9,46.8,3,0
2025-11-04,wan-02,enterprise-backup,500,230.5,46.1,2,0
2025-11-05,wan-02,enterprise-backup,500,251.5,50.3,3,0
2025-11-06,wan-02,enterprise-backup,500,305.4,61.1,3,0
2025-11-07,wan-02,enterprise-backup,500,291.0,58.2,0,0
2025-11-08,wan-02,enterprise-backup,500,272.0,54.4,1,0
2025-11-09,wan-02,enterprise-backup,500,221.8,44.4,2,0
2025-11-10,wan-02,enterprise-backup,500,225.2,45.0,2,0
2025-11-11,wan-02,enterprise-backup,500,231.0,46.2,2,0
2025-11-12,wan-02,enterprise-backup,500,221.1,44.2,1,0
2025-11-13,wan-02,enterprise-backup,500,258.2,51.6,3,0
2025-11-14,wan-02,enterprise-backup,500,283.2,56.6,2,0
2025-11-15,wan-02,enterprise-backup,500,258.8,51.8,0,0
2025-11-16,wan-02,enterprise-backup,500,200.9,40.2,4,0
2025-11-17,wan-02,enterprise-backup,500,186.1,37.2,3,0
2025-11-18,wan-02,enterprise-backup,500,151.5,30.3,0,0
2025-11-19,wan-02,enterprise-backup,500,199.6,39.9,3,0
2025-11-20,wan-02,enterprise-backup,500,274.1,54.8,1,0
2025-11-21,wan-02,enterprise-backup,500,238.0,47.6,0,0
2025-11-22,wan-02,enterprise-backup,500,220.3,44.1,2,0
2025-11-23,wan-02,enterprise-backup,500,198.9,39.8,4,0
2025-11-24,wan-02,enterprise-backup,500,199.2,39.8,0,0
2025-11-25,wan-02,enterprise-backup,500,203.3,40.7,1,0
2025-11-26,wan-02,enterprise-backup,500,249.3,49.9,3,0
2025-11-27,wan-02,enterprise-backup,500,266.3,53.3,3,0
2025-11-28,wan-02,enterprise-backup,500,295.3,59.1,1,0
2025-11-29,wan-02,enterprise-backup,500,273.4,54.7,3,0
2025-11-30,wan-02,enterprise-backup,500,233.5,46.7,1,0
2025-12-01,wan-02,enterprise-backup,500,243.3,48.7,2,0
2025-12-02,wan-02,enterprise-backup,500,222.2,44.4,2,0
2025-12-03,wan-02,enterprise-backup,500,240.6,48.1,2,0
2025-12-04,wan-02,enterprise-backup,500,275.2,55.0,1,0
2025-12-05,wan-02,enterprise-backup,500,275.8,55.2,0,0
2025-12-06,wan-02,enterprise-backup,500,299.4,59.9,1,0
2025-12-07,wan-02,enterprise-backup,500,226.5,45.3,4,0
2025-12-08,wan-02,enterprise-backup,500,212.0,42.4,4,0
2025-12-09,wan-02,enterprise-backup,500,217.9,43.6,0,0
2025-12-10,wan-02,enterprise-backup,500,285.6,57.1,1,0
2025-12-11,wan-02,enterprise-backup,500,293.4,58.7,3,0
2025-12-12,wan-02,enterprise-backup,500,260.5,52.1,2,0
2025-12-13,wan-02,enterprise-backup,500,246.6,49.3,2,0
2025-12-14,wan-02,enterprise-backup,500,216.7,43.3,0,0
2025-12-15,wan-02,enterprise-backup,500,192.0,38.4,3,0
2025-12-16,wan-02,enterprise-backup,500,190.0,38.0,2,0
2025-12-17,wan-02,enterprise-backup,500,214.3,42.9,1,0
2025-12-18,wan-02,enterprise-backup,500,258.8,51.8,2,0
2025-12-19,wan-02,enterprise-backup,500,281.4,56.3,3,0
2025-12-20,wan-02,enterprise-backup,500,252.7,50.5,3,0
2025-12-21,wan-02,enterprise-backup,500,207.4,41.5,0,0
2025-12-22,wan-02,enterprise-backup,500,203.7,40.7,4,0
2025-12-23,wan-02,enterprise-backup,500,200.3,40.1,1,0
2025-12-24,wan-02,enterprise-backup,500,231.2,46.2,3,0
2025-12-25,wan-02,enterprise-backup,500,272.7,54.5,0,0
2025-12-26,wan-02,enterprise-backup,500,277.8,55.6,0,0
2025-12-27,wan-02,enterprise-backup,500,261.0,52.2,0,0
2025-12-28,wan-02,enterprise-backup,500,220.2,44.0,4,0
2025-12-29,wan-02,enterprise-backup,500,236.7,47.3,0,0
2025-12-30,wan-02,enterprise-backup,500,214.4,42.9,1,0
2025-12-31,wan-02,enterprise-backup,500,259.8,52.0,0,0
2025-01-01,wan-03,branch-aggregation,250,132.7,53.1,0,0
2025-01-02,wan-03,branch-aggregation,250,149.3,59.7,3,0
2025-01-03,wan-03,branch-aggregation,250,146.6,58.6,1,0
2025-01-04,wan-03,branch-aggregation,250,141.8,56.7,2,0
2025-01-05,wan-03,branch-aggregation,250,107.9,43.2,0,0
2025-01-06,wan-03,branch-aggregation,250,121.2,48.5,1,0
2025-01-07,wan-03,branch-aggregation,250,118.1,47.2,0,0
2025-01-08,wan-03,branch-aggregation,250,131.8,52.7,0,0
2025-01-09,wan-03,branch-aggregation,250,177.4,71.0,0,0
2025-01-10,wan-03,branch-aggregation,250,170.0,68.0,2,0
2025-01-11,wan-03,branch-aggregation,250,146.9,58.8,2,0
2025-01-12,wan-03,branch-aggregation,250,123.0,49.2,4,0
2025-01-13,wan-03,branch-aggregation,250,117.9,47.1,1,0
2025-01-14,wan-03,branch-aggregation,250,114.1,45.6,2,0
2025-01-15,wan-03,branch-aggregation,250,118.6,47.4,1,0
2025-01-16,wan-03,branch-aggregation,250,136.1,54.4,2,0
2025-01-17,wan-03,branch-aggregation,250,147.9,59.2,0,0
2025-01-18,wan-03,branch-aggregation,250,127.6,51.0,3,0
2025-01-19,wan-03,branch-aggregation,250,98.9,39.5,0,0
2025-01-20,wan-03,branch-aggregation,250,105.8,42.3,1,0
2025-01-21,wan-03,branch-aggregation,250,95.8,38.3,0,0
2025-01-22,wan-03,branch-aggregation,250,115.7,46.3,1,0
2025-01-23,wan-03,branch-aggregation,250,131.2,52.5,2,0
2025-01-24,wan-03,branch-aggregation,250,139.3,55.7,1,0
2025-01-25,wan-03,branch-aggregation,250,118.6,47.4,2,0
2025-01-26,wan-03,branch-aggregation,250,106.0,42.4,2,0
2025-01-27,wan-03,branch-aggregation,250,93.1,37.2,1,0
2025-01-28,wan-03,branch-aggregation,250,98.4,39.4,1,0
2025-01-29,wan-03,branch-aggregation,250,122.7,49.1,3,0
2025-01-30,wan-03,branch-aggregation,250,135.0,54.0,2,0
2025-01-31,wan-03,branch-aggregation,250,149.0,59.6,2,0
2025-02-01,wan-03,branch-aggregation,250,143.7,57.5,1,0
2025-02-02,wan-03,branch-aggregation,250,127.9,51.2,2,0
2025-02-03,wan-03,branch-aggregation,250,84.7,33.9,2,0
2025-02-04,wan-03,branch-aggregation,250,125.6,50.2,4,0
2025-02-05,wan-03,branch-aggregation,250,128.6,51.4,2,0
2025-02-06,wan-03,branch-aggregation,250,157.4,63.0,0,0
2025-02-07,wan-03,branch-aggregation,250,169.1,67.7,2,0
2025-02-08,wan-03,branch-aggregation,250,141.3,56.5,0,0
2025-02-09,wan-03,branch-aggregation,250,126.7,50.7,5,0
2025-02-10,wan-03,branch-aggregation,250,136.9,54.7,0,0
2025-02-11,wan-03,branch-aggregation,250,105.2,42.1,2,0
2025-02-12,wan-03,branch-aggregation,250,133.6,53.4,1,0
2025-02-13,wan-03,branch-aggregation,250,153.1,61.2,2,0
2025-02-14,wan-03,branch-aggregation,250,151.8,60.7,2,0
2025-02-15,wan-03,branch-aggregation,250,126.7,50.7,3,0
2025-02-16,wan-03,branch-aggregation,250,112.2,44.9,3,0
2025-02-17,wan-03,branch-aggregation,250,108.8,43.5,2,0
2025-02-18,wan-03,branch-aggregation,250,105.7,42.3,1,0
2025-02-19,wan-03,branch-aggregation,250,102.4,41.0,1,0
2025-02-20,wan-03,branch-aggregation,250,136.1,54.4,0,0
2025-02-21,wan-03,branch-aggregation,250,122.4,49.0,3,0
2025-02-22,wan-03,branch-aggregation,250,130.9,52.3,0,0
2025-02-23,wan-03,branch-aggregation,250,110.6,44.2,1,0
2025-02-24,wan-03,branch-aggregation,250,104.8,41.9,1,0
2025-02-25,wan-03,branch-aggregation,250,99.4,39.8,0,0
2025-02-26,wan-03,branch-aggregation,250,120.1,48.0,1,0
2025-02-27,wan-03,branch-aggregation,250,130.6,52.2,1,0
2025-02-28,wan-03,branch-aggregation,250,135.9,54.4,2,0
2025-03-01,wan-03,branch-aggregation,250,125.2,50.1,0,0
2025-03-02,wan-03,branch-aggregation,250,111.1,44.4,3,0
2025-03-03,wan-03,branch-aggregation,250,106.8,42.7,2,0
2025-03-04,wan-03,branch-aggregation,250,123.9,49.6,1,0
2025-03-05,wan-03,branch-aggregation,250,142.1,56.8,2,0
2025-03-06,wan-03,branch-aggregation,250,152.8,61.1,0,0
2025-03-07,wan-03,branch-aggregation,250,158.1,63.2,0,0
2025-03-08,wan-03,branch-aggregation,250,146.5,58.6,1,0
2025-03-09,wan-03,branch-aggregation,250,135.9,54.4,2,0
2025-03-10,wan-03,branch-aggregation,250,115.9,46.3,3,0
2025-03-11,wan-03,branch-aggregation,250,135.0,54.0,2,0
2025-03-12,wan-03,branch-aggregation,250,133.0,53.2,2,0
2025-03-13,wan-03,branch-aggregation,250,132.5,53.0,1,0
2025-03-14,wan-03,branch-aggregation,250,160.5,64.2,4,0
2025-03-15,wan-03,branch-aggregation,250,136.1,54.4,4,0
2025-03-16,wan-03,branch-aggregation,250,142.7,57.1,4,0
2025-03-17,wan-03,branch-aggregation,250,88.9,35.6,3,0
2025-03-18,wan-03,branch-aggregation,250,112.3,44.9,3,0
2025-03-19,wan-03,branch-aggregation,250,122.3,48.9,1,0
2025-03-20,wan-03,branch-aggregation,250,135.3,54.1,4,0
2025-03-21,wan-03,branch-aggregation,250,146.5,58.6,1,0
2025-03-22,wan-03,branch-aggregation,250,130.2,52.1,3,0
2025-03-23,wan-03,branch-aggregation,250,113.4,45.4,1,0
2025-03-24,wan-03,branch-aggregation,250,91.5,36.6,0,0
2025-03-25,wan-03,branch-aggregation,250,97.3,38.9,1,0
2025-03-26,wan-03,branch-aggregation,250,103.7,41.5,0,0
2025-03-27,wan-03,branch-aggregation,250,141.7,56.7,0,0
2025-03-28,wan-03,branch-aggregation,250,128.2,51.3,1,0
2025-03-29,wan-03,branch-aggregation,250,143.3,57.3,3,0
2025-03-30,wan-03,branch-aggregation,250,112.1,44.8,0,0
2025-03-31,wan-03,branch-aggregation,250,102.7,41.1,0,0
2025-04-01,wan-03,branch-aggregation,250,109.1,43.7,2,0
2025-04-02,wan-03,branch-aggregation,250,122.9,49.2,0,0
2025-04-03,wan-03,branch-aggregation,250,148.1,59.2,1,0
2025-04-04,wan-03,branch-aggregation,250,149.9,59.9,0,0
2025-04-05,wan-03,branch-aggregation,250,137.9,55.2,0,0
2025-04-06,wan-03,branch-aggregation,250,136.5,54.6,1,0
2025-04-07,wan-03,branch-aggregation,250,95.2,38.1,2,0
2025-04-08,wan-03,branch-aggregation,250,126.1,50.4,0,0
2025-04-09,wan-03,branch-aggregation,250,140.1,56.1,0,0
2025-04-10,wan-03,branch-aggregation,250,143.1,57.2,3,0
2025-04-11,wan-03,branch-aggregation,250,178.9,71.6,5,0
2025-04-12,wan-03,branch-aggregation,250,141.6,56.7,2,0
2025-04-13,wan-03,branch-aggregation,250,135.6,54.2,0,0
2025-04-14,wan-03,branch-aggregation,250,130.9,52.4,0,0
2025-04-15,wan-03,branch-aggregation,250,120.3,48.1,0,0
2025-04-16,wan-03,branch-aggregation,250,133.5,53.4,1,0
2025-04-17,wan-03,branch-aggregation,250,152.8,61.1,0,0
2025-04-18,wan-03,branch-aggregation,250,144.7,57.9,4,0
2025-04-19,wan-03,branch-aggregation,250,121.3,48.5,2,0
2025-04-20,wan-03,branch-aggregation,250,116.3,46.5,1,0
2025-04-21,wan-03,branch-aggregation,250,97.9,39.1,4,0
2025-04-22,wan-03,branch-aggregation,250,113.0,45.2,2,0
2025-04-23,wan-03,branch-aggregation,250,120.5,48.2,0,0
2025-04-24,wan-03,branch-aggregation,250,134.7,53.9,4,0
2025-04-25,wan-03,branch-aggregation,250,147.5,59.0,0,0
2025-04-26,wan-03,branch-aggregation,250,110.5,44.2,1,0
2025-04-27,wan-03,branch-aggregation,250,114.3,45.7,1,0
2025-04-28,wan-03,branch-aggregation,250,101.3,40.5,2,0
2025-04-29,wan-03,branch-aggregation,250,118.0,47.2,2,0
2025-04-30,wan-03,branch-aggregation,250,139.3,55.7,0,0
2025-05-01,wan-03,branch-aggregation,250,150.7,60.3,2,0
2025-05-02,wan-03,branch-aggregation,250,140.1,56.1,3,0
2025-05-03,wan-03,branch-aggregation,250,130.9,52.4,0,0
2025-05-04,wan-03,branch-aggregation,250,153.2,61.3,3,0
2025-05-05,wan-03,branch-aggregation,250,124.3,49.7,4,0
2025-05-06,wan-03,branch-aggregation,250,136.5,54.6,0,0
2025-05-07,wan-03,branch-aggregation,250,147.4,59.0,4,0
2025-05-08,wan-03,branch-aggregation,250,158.0,63.2,2,0
2025-05-09,wan-03,branch-aggregation,250,159.3,63.7,3,0
2025-05-10,wan-03,branch-aggregation,250,147.2,58.9,1,0
2025-05-11,wan-03,branch-aggregation,250,122.9,49.2,0,0
2025-05-12,wan-03,branch-aggregation,250,123.3,49.3,2,0
2025-05-13,wan-03,branch-aggregation,250,119.9,48.0,0,0
2025-05-14,wan-03,branch-aggregation,250,139.7,55.9,2,0
2025-05-15,wan-03,branch-aggregation,250,161.1,64.5,1,0
2025-05-16,wan-03,branch-aggregation,250,147.6,59.1,2,0
2025-05-17,wan-03,branch-aggregation,250,151.3,60.5,1,0
2025-05-18,wan-03,branch-aggregation,250,117.4,46.9,0,0
2025-05-19,wan-03,branch-aggregation,250,101.7,40.7,3,0
2025-05-20,wan-03,branch-aggregation,250,114.5,45.8,3,0
2025-05-21,wan-03,branch-aggregation,250,106.7,42.7,3,0
2025-05-22,wan-03,branch-aggregation,250,127.7,51.1,2,0
2025-05-23,wan-03,branch-aggregation,250,118.3,47.3,1,0
2025-05-24,wan-03,branch-aggregation,250,120.6,48.3,3,0
2025-05-25,wan-03,branch-aggregation,250,112.7,45.1,3,0
2025-05-26,wan-03,branch-aggregation,250,98.1,39.2,4,0
2025-05-27,wan-03,branch-aggregation,250,103.5,41.4,4,0
2025-05-28,wan-03,branch-aggregation,250,120.7,48.3,0,0
2025-05-29,wan-03,branch-aggregation,250,150.9,60.4,1,0
2025-05-30,wan-03,branch-aggregation,250,148.8,59.5,0,0
2025-05-31,wan-03,branch-aggregation,250,138.2,55.3,2,0
2025-06-01,wan-03,branch-aggregation,250,120.3,48.1,2,0
2025-06-02,wan-03,branch-aggregation,250,97.9,39.2,3,0
2025-06-03,wan-03,branch-aggregation,250,120.8,48.3,4,0
2025-06-04,wan-03,branch-aggregation,250,138.9,55.6,1,0
2025-06-05,wan-03,branch-aggregation,250,155.3,62.1,2,0
2025-06-06,wan-03,branch-aggregation,250,169.5,67.8,1,0
2025-06-07,wan-03,branch-aggregation,250,146.9,58.8,2,0
2025-06-08,wan-03,branch-aggregation,250,144.0,57.6,0,0
2025-06-09,wan-03,branch-aggregation,250,116.1,46.4,0,0
2025-06-10,wan-03,branch-aggregation,250,143.3,57.3,3,0
2025-06-11,wan-03,branch-aggregation,250,149.4,59.8,2,0
2025-06-12,wan-03,branch-aggregation,250,146.2,58.5,3,0
2025-06-13,wan-03,branch-aggregation,250,153.8,61.5,0,0
2025-06-14,wan-03,branch-aggregation,250,161.6,64.6,0,0
2025-06-15,wan-03,branch-aggregation,250,136.8,54.7,2,0
2025-06-16,wan-03,branch-aggregation,250,103.1,41.2,2,0
2025-06-17,wan-03,branch-aggregation,250,105.2,42.1,2,0
2025-06-18,wan-03,branch-aggregation,250,120.4,48.1,0,0
2025-06-19,wan-03,branch-aggregation,250,163.3,65.3,1,0
2025-06-20,wan-03,branch-aggregation,250,150.9,60.4,1,0
2025-06-21,wan-03,branch-aggregation,250,136.4,54.5,0,0
2025-06-22,wan-03,branch-aggregation,250,103.3,41.3,0,0
2025-06-23,wan-03,branch-aggregation,250,110.6,44.3,2,0
2025-06-24,wan-03,branch-aggregation,250,95.8,38.3,3,0
2025-06-25,wan-03,branch-aggregation,250,128.2,51.3,6,0
2025-06-26,wan-03,branch-aggregation,250,142.3,56.9,3,0
2025-06-27,wan-03,branch-aggregation,250,151.5,60.6,3,0
2025-06-28,wan-03,branch-aggregation,250,137.3,54.9,1,0
2025-06-29,wan-03,branch-aggregation,250,129.0,51.6,3,0
2025-06-30,wan-03,branch-aggregation,250,104.2,41.7,0,0
2025-07-01,wan-03,branch-aggregation,250,120.7,48.3,4,0
2025-07-02,wan-03,branch-aggregation,250,137.4,54.9,0,0
2025-07-03,wan-03,branch-aggregation,250,164.3,65.7,3,0
2025-07-04,wan-03,branch-aggregation,250,180.2,72.1,2,0
2025-07-05,wan-03,branch-aggregation,250,171.2,68.5,0,0
2025-07-06,wan-03,branch-aggregation,250,145.6,58.2,2,0
2025-07-07,wan-03,branch-aggregation,250,116.7,46.7,1,0
2025-07-08,wan-03,branch-aggregation,250,143.0,57.2,3,0
2025-07-09,wan-03,branch-aggregation,250,143.0,57.2,3,0
2025-07-10,wan-03,branch-aggregation,250,169.0,67.6,3,0
2025-07-11,wan-03,branch-aggregation,250,165.9,66.4,2,0
2025-07-12,wan-03,branch-aggregation,250,143.3,57.3,1,0
2025-07-13,wan-03,branch-aggregation,250,132.2,52.9,0,0
2025-07-14,wan-03,branch-aggregation,250,115.3,46.1,2,0
2025-07-15,wan-03,branch-aggregation,250,121.1,48.4,3,0
2025-07-16,wan-03,branch-aggregation,250,123.1,49.3,1,0
2025-07-17,wan-03,branch-aggregation,250,147.8,59.1,1,0
2025-07-18,wan-03,branch-aggregation,250,150.0,60.0,1,0
2025-07-19,wan-03,branch-aggregation,250,144.8,57.9,1,0
2025-07-20,wan-03,branch-aggregation,250,105.5,42.2,3,0
2025-07-21,wan-03,branch-aggregation,250,118.4,47.4,0,0
2025-07-22,wan-03,branch-aggregation,250,105.9,42.4,2,0
2025-07-23,wan-03,branch-aggregation,250,131.9,52.8,4,0
2025-07-24,wan-03,branch-aggregation,250,137.6,55.0,0,0
2025-07-25,wan-03,branch-aggregation,250,149.9,60.0,3,0
2025-07-26,wan-03,branch-aggregation,250,138.8,55.5,2,0
2025-07-27,wan-03,branch-aggregation,250,112.2,44.9,5,0
2025-07-28,wan-03,branch-aggregation,250,100.2,40.1,0,0
2025-07-29,wan-03,branch-aggregation,250,125.9,50.4,2,0
2025-07-30,wan-03,branch-aggregation,250,141.5,56.6,2,0
2025-07-31,wan-03,branch-aggregation,250,168.8,67.5,4,0
2025-08-01,wan-03,branch-aggregation,250,155.4,62.1,3,0
2025-08-02,wan-03,branch-aggregation,250,141.3,56.5,0,0
2025-08-03,wan-03,branch-aggregation,250,147.0,58.8,1,0
2025-08-04,wan-03,branch-aggregation,250,108.1,43.3,1,0
2025-08-05,wan-03,branch-aggregation,250,126.2,50.5,2,0
2025-08-06,wan-03,branch-aggregation,250,147.8,59.1,0,0
2025-08-07,wan-03,branch-aggregation,250,157.7,63.1,3,0
2025-08-08,wan-03,branch-aggregation,250,159.2,63.7,2,0
2025-08-09,wan-03,branch-aggregation,250,146.8,58.7,2,0
2025-08-10,wan-03,branch-aggregation,250,152.5,61.0,2,0
2025-08-11,wan-03,branch-aggregation,250,133.9,53.5,2,0
2025-08-12,wan-03,branch-aggregation,250,117.1,46.9,1,0
2025-08-13,wan-03,branch-aggregation,250,139.5,55.8,2,0
2025-08-14,wan-03,branch-aggregation,250,146.6,58.6,2,0
2025-08-15,wan-03,branch-aggregation,250,146.9,58.8,2,0
2025-08-16,wan-03,branch-aggregation,250,139.9,56.0,0,0
2025-08-17,wan-03,branch-aggregation,250,129.3,51.7,2,0
2025-08-18,wan-03,branch-aggregation,250,108.7,43.5,1,0
2025-08-19,wan-03,branch-aggregation,250,91.5,36.6,0,0
2025-08-20,wan-03,branch-aggregation,250,116.8,46.7,3,0
2025-08-21,wan-03,branch-aggregation,250,134.8,53.9,2,0
2025-08-22,wan-03,branch-aggregation,250,134.7,53.9,0,0
2025-08-23,wan-03,branch-aggregation,250,129.4,51.8,3,0
2025-08-24,wan-03,branch-aggregation,250,102.7,41.1,1,0
2025-08-25,wan-03,branch-aggregation,250,111.7,44.7,2,0
2025-08-26,wan-03,branch-aggregation,250,113.8,45.5,3,0
2025-08-27,wan-03,branch-aggregation,250,134.4,53.8,0,0
2025-08-28,wan-03,branch-aggregation,250,155.6,62.3,0,0
2025-08-29,wan-03,branch-aggregation,250,153.6,61.4,4,0
2025-08-30,wan-03,branch-aggregation,250,170.0,68.0,4,0
2025-08-31,wan-03,branch-aggregation,250,137.3,54.9,0,0
2025-09-01,wan-03,branch-aggregation,250,118.4,47.3,4,0
2025-09-02,wan-03,branch-aggregation,250,133.8,53.5,0,0
2025-09-03,wan-03,branch-aggregation,250,162.0,64.8,2,0
2025-09-04,wan-03,branch-aggregation,250,176.5,70.6,2,0
2025-09-05,wan-03,branch-aggregation,250,150.3,60.1,0,0
2025-09-06,wan-03,branch-aggregation,250,157.3,62.9,1,0
2025-09-07,wan-03,branch-aggregation,250,154.1,61.6,0,0
2025-09-08,wan-03,branch-aggregation,250,128.0,51.2,1,0
2025-09-09,wan-03,branch-aggregation,250,130.5,52.2,0,0
2025-09-10,wan-03,branch-aggregation,250,134.2,53.7,0,0
2025-09-11,wan-03,branch-aggregation,250,161.4,64.5,1,0
2025-09-12,wan-03,branch-aggregation,250,161.6,64.7,0,0
2025-09-13,wan-03,branch-aggregation,250,146.5,58.6,0,0
2025-09-14,wan-03,branch-aggregation,250,117.6,47.1,2,0
2025-09-15,wan-03,branch-aggregation,250,118.9,47.6,2,0
2025-09-16,wan-03,branch-aggregation,250,114.6,45.8,1,0
2025-09-17,wan-03,branch-aggregation,250,141.0,56.4,3,0
2025-09-18,wan-03,branch-aggregation,250,137.3,54.9,0,0
2025-09-19,wan-03,branch-aggregation,250,149.0,59.6,2,0
2025-09-20,wan-03,branch-aggregation,250,126.3,50.5,5,0
2025-09-21,wan-03,branch-aggregation,250,98.7,39.5,0,0
2025-09-22,wan-03,branch-aggregation,250,109.0,43.6,3,0
2025-09-23,wan-03,branch-aggregation,250,95.5,38.2,1,0
2025-09-24,wan-03,branch-aggregation,250,141.7,56.7,4,0
2025-09-25,wan-03,branch-aggregation,250,144.5,57.8,2,0
2025-09-26,wan-03,branch-aggregation,250,145.1,58.0,2,0
2025-09-27,wan-03,branch-aggregation,250,135.3,54.1,0,0
2025-09-28,wan-03,branch-aggregation,250,116.4,46.6,2,0
2025-09-29,wan-03,branch-aggregation,250,110.1,44.0,3,0
2025-09-30,wan-03,branch-aggregation,250,139.4,55.8,3,0
2025-10-01,wan-03,branch-aggregation,250,151.8,60.7,3,0
2025-10-02,wan-03,branch-aggregation,250,166.0,66.4,3,0
2025-10-03,wan-03,branch-aggregation,250,173.3,69.3,3,0
2025-10-04,wan-03,branch-aggregation,250,150.5,60.2,1,0
2025-10-05,wan-03,branch-aggregation,250,133.9,53.5,3,0
2025-10-06,wan-03,branch-aggregation,250,136.3,54.5,0,0
2025-10-07,wan-03,branch-aggregation,250,126.5,50.6,1,0
2025-10-08,wan-03,branch-aggregation,250,157.6,63.0,1,0
2025-10-09,wan-03,branch-aggregation,250,161.9,64.8,0,0
2025-10-10,wan-03,branch-aggregation,250,164.9,66.0,4,0
2025-10-11,wan-03,branch-aggregation,250,146.9,58.8,1,0
2025-10-12,wan-03,branch-aggregation,250,148.1,59.3,3,0
2025-10-13,wan-03,branch-aggregation,250,109.8,43.9,3,0
2025-10-14,wan-03,branch-aggregation,250,110.0,44.0,2,0
2025-10-15,wan-03,branch-aggregation,250,112.1,44.8,0,0
2025-10-16,wan-03,branch-aggregation,250,155.8,62.3,1,0
2025-10-17,wan-03,branch-aggregation,250,143.3,57.3,2,0
2025-10-18,wan-03,branch-aggregation,250,137.4,55.0,1,0
2025-10-19,wan-03,branch-aggregation,250,113.1,45.2,4,0
2025-10-20,wan-03,branch-aggregation,250,120.9,48.4,2,0
2025-10-21,wan-03,branch-aggregation,250,101.5,40.6,1,0
2025-10-22,wan-03,branch-aggregation,250,125.3,50.1,2,0
2025-10-23,wan-03,branch-aggregation,250,158.7,63.5,1,0
2025-10-24,wan-03,branch-aggregation,250,151.4,60.5,1,0
2025-10-25,wan-03,branch-aggregation,250,142.5,57.0,0,0
2025-10-26,wan-03,branch-aggregation,250,129.5,51.8,3,0
2025-10-27,wan-03,branch-aggregation,250,114.4,45.8,1,0
2025-10-28,wan-03,branch-aggregation,250,125.4,50.2,0,0
2025-10-29,wan-03,branch-aggregation,250,158.7,63.5,0,0
2025-10-30,wan-03,branch-aggregation,250,157.7,63.1,0,0
2025-10-31,wan-03,branch-aggregation,250,180.3,72.1,1,0
2025-11-01,wan-03,branch-aggregation,250,153.8,61.5,4,0
2025-11-02,wan-03,branch-aggregation,250,141.4,56.6,0,0
2025-11-03,wan-03,branch-aggregation,250,132.7,53.1,2,0
2025-11-04,wan-03,branch-aggregation,250,130.6,52.3,1,0
2025-11-05,wan-03,branch-aggregation,250,151.0,60.4,3,0
2025-11-06,wan-03,branch-aggregation,250,174.8,69.9,3,0
2025-11-07,wan-03,branch-aggregation,250,169.8,67.9,3,0
2025-11-08,wan-03,branch-aggregation,250,156.7,62.7,3,0
2025-11-09,wan-03,branch-aggregation,250,142.9,57.2,1,0
2025-11-10,wan-03,branch-aggregation,250,137.2,54.9,0,0
2025-11-11,wan-03,branch-aggregation,250,119.2,47.7,0,0
2025-11-12,wan-03,branch-aggregation,250,139.7,55.9,0,0
2025-11-13,wan-03,branch-aggregation,250,143.3,57.3,0,0
2025-11-14,wan-03,branch-aggregation,250,156.3,62.5,0,0
2025-11-15,wan-03,branch-aggregation,250,161.6,64.6,3,0
2025-11-16,wan-03,branch-aggregation,250,113.0,45.2,4,0
2025-11-17,wan-03,branch-aggregation,250,111.7,44.7,3,0
2025-11-18,wan-03,branch-aggregation,250,103.8,41.5,3,0
2025-11-19,wan-03,branch-aggregation,250,138.4,55.4,1,0
2025-11-20,wan-03,branch-aggregation,250,136.9,54.8,1,0
2025-11-21,wan-03,branch-aggregation,250,151.2,60.5,5,0
2025-11-22,wan-03,branch-aggregation,250,155.1,62.0,4,0
2025-11-23,wan-03,branch-aggregation,250,121.5,48.6,1,0
2025-11-24,wan-03,branch-aggregation,250,117.8,47.1,1,0
2025-11-25,wan-03,branch-aggregation,250,116.6,46.7,1,0
2025-11-26,wan-03,branch-aggregation,250,146.4,58.5,1,0
2025-11-27,wan-03,branch-aggregation,250,159.3,63.7,1,0
2025-11-28,wan-03,branch-aggregation,250,162.0,64.8,1,0
2025-11-29,wan-03,branch-aggregation,250,166.5,66.6,2,0
2025-11-30,wan-03,branch-aggregation,250,153.5,61.4,1,0
2025-12-01,wan-03,branch-aggregation,250,140.9,56.4,0,0
2025-12-02,wan-03,branch-aggregation,250,133.5,53.4,1,0
2025-12-03,wan-03,branch-aggregation,250,148.2,59.3,1,0
2025-12-04,wan-03,branch-aggregation,250,161.8,64.7,1,0
2025-12-05,wan-03,branch-aggregation,250,168.0,67.2,2,0
2025-12-06,wan-03,branch-aggregation,250,160.0,64.0,0,0
2025-12-07,wan-03,branch-aggregation,250,140.6,56.2,2,0
2025-12-08,wan-03,branch-aggregation,250,120.7,48.3,2,0
2025-12-09,wan-03,branch-aggregation,250,144.9,58.0,1,0
2025-12-10,wan-03,branch-aggregation,250,152.1,60.9,2,0
2025-12-11,wan-03,branch-aggregation,250,153.5,61.4,4,0
2025-12-12,wan-03,branch-aggregation,250,183.9,73.6,0,0
2025-12-13,wan-03,branch-aggregation,250,167.3,66.9,0,0
2025-12-14,wan-03,branch-aggregation,250,141.5,56.6,0,0
2025-12-15,wan-03,branch-aggregation,250,125.6,50.2,2,0
2025-12-16,wan-03,branch-aggregation,250,106.3,42.5,0,0
2025-12-17,wan-03,branch-aggregation,250,122.5,49.0,0,0
2025-12-18,wan-03,branch-aggregation,250,149.7,59.9,1,0
2025-12-19,wan-03,branch-aggregation,250,127.7,51.1,1,0
2025-12-20,wan-03,branch-aggregation,250,143.1,57.2,2,0
2025-12-21,wan-03,branch-aggregation,250,137.1,54.8,0,0
2025-12-22,wan-03,branch-aggregation,250,114.6,45.9,2,0
2025-12-23,wan-03,branch-aggregation,250,124.3,49.7,0,0
2025-12-24,wan-03,branch-aggregation,250,124.1,49.6,1,0
2025-12-25,wan-03,branch-aggregation,250,154.2,61.7,0,0
2025-12-26,wan-03,branch-aggregation,250,163.1,65.3,2,0
2025-12-27,wan-03,branch-aggregation,250,158.2,63.3,0,0
2025-12-28,wan-03,branch-aggregation,250,141.5,56.6,0,0
2025-12-29,wan-03,branch-aggregation,250,124.6,49.8,3,0
2025-12-30,wan-03,branch-aggregation,250,149.8,59.9,2,0
2025-12-31,wan-03,branch-aggregation,250,151.6,60.6,3,0
